"groupcode","groupame","iso_a3"
ARB,Arab World,ARE
ARB,Arab World,BHR
ARB,Arab World,COM
ARB,Arab World,DJI
ARB,Arab World,DZA
ARB,Arab World,EGY
ARB,Arab World,IRQ
ARB,Arab World,JOR
ARB,Arab World,KWT
ARB,Arab World,LBN
ARB,Arab World,LBY
ARB,Arab World,MAR
ARB,Arab World,MRT
ARB,Arab World,OMN
ARB,Arab World,PSE
ARB,Arab World,QAT
ARB,Arab World,SAU
ARB,Arab World,SDN
ARB,Arab World,SOM
ARB,Arab World,SYR
ARB,Arab World,TUN
ARB,Arab World,YEM
CEB,Central Europe and the Baltics,BGR
CEB,Central Europe and the Baltics,CZE
CEB,Central Europe and the Baltics,EST
CEB,Central Europe and the Baltics,HRV
CEB,Central Europe and the Baltics,HUN
CEB,Central Europe and the Baltics,LTU
CEB,Central Europe and the Baltics,LVA
CEB,Central Europe and the Baltics,POL
CEB,Central Europe and the Baltics,ROU
CEB,Central Europe and the Baltics,SVK
CEB,Central Europe and the Baltics,SVN
CSS,Caribbean small states,ATG
CSS,Caribbean small states,BHS
CSS,Caribbean small states,BLZ
CSS,Caribbean small states,BRB
CSS,Caribbean small states,DMA
CSS,Caribbean small states,GRD
CSS,Caribbean small states,GUY
CSS,Caribbean small states,JAM
CSS,Caribbean small states,KNA
CSS,Caribbean small states,LCA
CSS,Caribbean small states,SUR
CSS,Caribbean small states,TTO
CSS,Caribbean small states,VCT
EAP,East Asia & Pacific (excluding high income),ASM
EAP,East Asia & Pacific (excluding high income),CHN
EAP,East Asia & Pacific (excluding high income),FJI
EAP,East Asia & Pacific (excluding high income),FSM
EAP,East Asia & Pacific (excluding high income),IDN
EAP,East Asia & Pacific (excluding high income),KHM
EAP,East Asia & Pacific (excluding high income),KIR
EAP,East Asia & Pacific (excluding high income),LAO
EAP,East Asia & Pacific (excluding high income),MHL
EAP,East Asia & Pacific (excluding high income),MMR
EAP,East Asia & Pacific (excluding high income),MNG
EAP,East Asia & Pacific (excluding high income),MYS
EAP,East Asia & Pacific (excluding high income),PHL
EAP,East Asia & Pacific (excluding high income),PNG
EAP,East Asia & Pacific (excluding high income),PRK
EAP,East Asia & Pacific (excluding high income),SLB
EAP,East Asia & Pacific (excluding high income),THA
EAP,East Asia & Pacific (excluding high income),TLS
EAP,East Asia & Pacific (excluding high income),TON
EAP,East Asia & Pacific (excluding high income),TUV
EAP,East Asia & Pacific (excluding high income),VNM
EAP,East Asia & Pacific (excluding high income),VUT
EAP,East Asia & Pacific (excluding high income),WSM
EAR,Early-demographic dividend,ARG
EAR,Early-demographic dividend,BGD
EAR,Early-demographic dividend,BHR
EAR,Early-demographic dividend,BLZ
EAR,Early-demographic dividend,BOL
EAR,Early-demographic dividend,BTN
EAR,Early-demographic dividend,BWA
EAR,Early-demographic dividend,CPV
EAR,Early-demographic dividend,DJI
EAR,Early-demographic dividend,DOM
EAR,Early-demographic dividend,DZA
EAR,Early-demographic dividend,ECU
EAR,Early-demographic dividend,EGY
EAR,Early-demographic dividend,ETH
EAR,Early-demographic dividend,FSM
EAR,Early-demographic dividend,GAB
EAR,Early-demographic dividend,GHA
EAR,Early-demographic dividend,GRD
EAR,Early-demographic dividend,GTM
EAR,Early-demographic dividend,HND
EAR,Early-demographic dividend,HTI
EAR,Early-demographic dividend,IDN
EAR,Early-demographic dividend,IND
EAR,Early-demographic dividend,IRN
EAR,Early-demographic dividend,ISR
EAR,Early-demographic dividend,JOR
EAR,Early-demographic dividend,KHM
EAR,Early-demographic dividend,KIR
EAR,Early-demographic dividend,LAO
EAR,Early-demographic dividend,LBY
EAR,Early-demographic dividend,LSO
EAR,Early-demographic dividend,MDV
EAR,Early-demographic dividend,MEX
EAR,Early-demographic dividend,MMR
EAR,Early-demographic dividend,NAM
EAR,Early-demographic dividend,NIC
EAR,Early-demographic dividend,NPL
EAR,Early-demographic dividend,PAK
EAR,Early-demographic dividend,PAN
EAR,Early-demographic dividend,PER
EAR,Early-demographic dividend,PHL
EAR,Early-demographic dividend,PNG
EAR,Early-demographic dividend,PRY
EAR,Early-demographic dividend,PSE
EAR,Early-demographic dividend,RWA
EAR,Early-demographic dividend,SAU
EAR,Early-demographic dividend,SLB
EAR,Early-demographic dividend,SLV
EAR,Early-demographic dividend,SUR
EAR,Early-demographic dividend,SWZ
EAR,Early-demographic dividend,SYR
EAR,Early-demographic dividend,TJK
EAR,Early-demographic dividend,TKM
EAR,Early-demographic dividend,TON
EAR,Early-demographic dividend,TUR
EAR,Early-demographic dividend,UZB
EAR,Early-demographic dividend,VEN
EAR,Early-demographic dividend,VUT
EAR,Early-demographic dividend,WSM
EAR,Early-demographic dividend,YEM
EAR,Early-demographic dividend,ZAF
EAR,Early-demographic dividend,ZWE
EAS,East Asia & Pacific,ASM
EAS,East Asia & Pacific,AUS
EAS,East Asia & Pacific,BRN
EAS,East Asia & Pacific,CHN
EAS,East Asia & Pacific,FJI
EAS,East Asia & Pacific,FSM
EAS,East Asia & Pacific,GUM
EAS,East Asia & Pacific,HKG
EAS,East Asia & Pacific,IDN
EAS,East Asia & Pacific,JPN
EAS,East Asia & Pacific,KHM
EAS,East Asia & Pacific,KIR
EAS,East Asia & Pacific,KOR
EAS,East Asia & Pacific,LAO
EAS,East Asia & Pacific,MAC
EAS,East Asia & Pacific,MHL
EAS,East Asia & Pacific,MMR
EAS,East Asia & Pacific,MNG
EAS,East Asia & Pacific,MNP
EAS,East Asia & Pacific,MYS
EAS,East Asia & Pacific,NCL
EAS,East Asia & Pacific,NRU
EAS,East Asia & Pacific,NZL
EAS,East Asia & Pacific,PHL
EAS,East Asia & Pacific,PLW
EAS,East Asia & Pacific,PNG
EAS,East Asia & Pacific,PRK
EAS,East Asia & Pacific,PYF
EAS,East Asia & Pacific,SGP
EAS,East Asia & Pacific,SLB
EAS,East Asia & Pacific,THA
EAS,East Asia & Pacific,TLS
EAS,East Asia & Pacific,TON
EAS,East Asia & Pacific,TUV
EAS,East Asia & Pacific,TWN
EAS,East Asia & Pacific,VNM
EAS,East Asia & Pacific,VUT
EAS,East Asia & Pacific,WSM
ECA,Europe & Central Asia (excluding high income),ALB
ECA,Europe & Central Asia (excluding high income),ARM
ECA,Europe & Central Asia (excluding high income),AZE
ECA,Europe & Central Asia (excluding high income),BGR
ECA,Europe & Central Asia (excluding high income),BIH
ECA,Europe & Central Asia (excluding high income),BLR
ECA,Europe & Central Asia (excluding high income),GEO
ECA,Europe & Central Asia (excluding high income),KAZ
ECA,Europe & Central Asia (excluding high income),KGZ
ECA,Europe & Central Asia (excluding high income),MDA
ECA,Europe & Central Asia (excluding high income),MKD
ECA,Europe & Central Asia (excluding high income),MNE
ECA,Europe & Central Asia (excluding high income),RUS
ECA,Europe & Central Asia (excluding high income),SRB
ECA,Europe & Central Asia (excluding high income),TJK
ECA,Europe & Central Asia (excluding high income),TKM
ECA,Europe & Central Asia (excluding high income),TUR
ECA,Europe & Central Asia (excluding high income),UKR
ECA,Europe & Central Asia (excluding high income),UZB
ECA,Europe & Central Asia (excluding high income),XKX
ECS,Europe & Central Asia,ALB
ECS,Europe & Central Asia,AND
ECS,Europe & Central Asia,ARM
ECS,Europe & Central Asia,AUT
ECS,Europe & Central Asia,AZE
ECS,Europe & Central Asia,BEL
ECS,Europe & Central Asia,BGR
ECS,Europe & Central Asia,BIH
ECS,Europe & Central Asia,BLR
ECS,Europe & Central Asia,CHE
ECS,Europe & Central Asia,CHI
ECS,Europe & Central Asia,CYP
ECS,Europe & Central Asia,CZE
ECS,Europe & Central Asia,DEU
ECS,Europe & Central Asia,DNK
ECS,Europe & Central Asia,ESP
ECS,Europe & Central Asia,EST
ECS,Europe & Central Asia,FIN
ECS,Europe & Central Asia,FRA
ECS,Europe & Central Asia,FRO
ECS,Europe & Central Asia,GBR
ECS,Europe & Central Asia,GEO
ECS,Europe & Central Asia,GIB
ECS,Europe & Central Asia,GRC
ECS,Europe & Central Asia,GRL
ECS,Europe & Central Asia,HRV
ECS,Europe & Central Asia,HUN
ECS,Europe & Central Asia,IMN
ECS,Europe & Central Asia,IRL
ECS,Europe & Central Asia,ISL
ECS,Europe & Central Asia,ITA
ECS,Europe & Central Asia,KAZ
ECS,Europe & Central Asia,KGZ
ECS,Europe & Central Asia,LIE
ECS,Europe & Central Asia,LTU
ECS,Europe & Central Asia,LUX
ECS,Europe & Central Asia,LVA
ECS,Europe & Central Asia,MCO
ECS,Europe & Central Asia,MDA
ECS,Europe & Central Asia,MKD
ECS,Europe & Central Asia,MNE
ECS,Europe & Central Asia,NLD
ECS,Europe & Central Asia,NOR
ECS,Europe & Central Asia,POL
ECS,Europe & Central Asia,PRT
ECS,Europe & Central Asia,ROU
ECS,Europe & Central Asia,RUS
ECS,Europe & Central Asia,SMR
ECS,Europe & Central Asia,SRB
ECS,Europe & Central Asia,SVK
ECS,Europe & Central Asia,SVN
ECS,Europe & Central Asia,SWE
ECS,Europe & Central Asia,TJK
ECS,Europe & Central Asia,TKM
ECS,Europe & Central Asia,TUR
ECS,Europe & Central Asia,UKR
ECS,Europe & Central Asia,UZB
ECS,Europe & Central Asia,XKX
EMU,Euro area,AUT
EMU,Euro area,BEL
EMU,Euro area,CYP
EMU,Euro area,DEU
EMU,Euro area,ESP
EMU,Euro area,EST
EMU,Euro area,FIN
EMU,Euro area,FRA
EMU,Euro area,GRC
EMU,Euro area,IRL
EMU,Euro area,ITA
EMU,Euro area,LTU
EMU,Euro area,LUX
EMU,Euro area,LVA
EMU,Euro area,MLT
EMU,Euro area,NLD
EMU,Euro area,PRT
EMU,Euro area,SVK
EMU,Euro area,SVN
EUU,European Union,AUT
EUU,European Union,BEL
EUU,European Union,BGR
EUU,European Union,CYP
EUU,European Union,CZE
EUU,European Union,DEU
EUU,European Union,DNK
EUU,European Union,ESP
EUU,European Union,EST
EUU,European Union,FIN
EUU,European Union,FRA
EUU,European Union,GRC
EUU,European Union,HRV
EUU,European Union,HUN
EUU,European Union,IRL
EUU,European Union,ITA
EUU,European Union,LTU
EUU,European Union,LUX
EUU,European Union,LVA
EUU,European Union,MLT
EUU,European Union,NLD
EUU,European Union,POL
EUU,European Union,PRT
EUU,European Union,ROU
EUU,European Union,SVK
EUU,European Union,SVN
EUU,European Union,SWE
FCS,Fragile and conflict affected situations,AFG
FCS,Fragile and conflict affected situations,BDI
FCS,Fragile and conflict affected situations,BFA
FCS,Fragile and conflict affected situations,CAF
FCS,Fragile and conflict affected situations,CMR
FCS,Fragile and conflict affected situations,COD
FCS,Fragile and conflict affected situations,COG
FCS,Fragile and conflict affected situations,COM
FCS,Fragile and conflict affected situations,ERI
FCS,Fragile and conflict affected situations,FSM
FCS,Fragile and conflict affected situations,GMB
FCS,Fragile and conflict affected situations,GNB
FCS,Fragile and conflict affected situations,HTI
FCS,Fragile and conflict affected situations,IRQ
FCS,Fragile and conflict affected situations,KIR
FCS,Fragile and conflict affected situations,LBN
FCS,Fragile and conflict affected situations,LBR
FCS,Fragile and conflict affected situations,LBY
FCS,Fragile and conflict affected situations,MHL
FCS,Fragile and conflict affected situations,MLI
FCS,Fragile and conflict affected situations,MMR
FCS,Fragile and conflict affected situations,NER
FCS,Fragile and conflict affected situations,NGA
FCS,Fragile and conflict affected situations,PNG
FCS,Fragile and conflict affected situations,PSE
FCS,Fragile and conflict affected situations,SDN
FCS,Fragile and conflict affected situations,SLB
FCS,Fragile and conflict affected situations,SOM
FCS,Fragile and conflict affected situations,SSD
FCS,Fragile and conflict affected situations,SYR
FCS,Fragile and conflict affected situations,TCD
FCS,Fragile and conflict affected situations,TLS
FCS,Fragile and conflict affected situations,TUV
FCS,Fragile and conflict affected situations,VEN
FCS,Fragile and conflict affected situations,XKX
FCS,Fragile and conflict affected situations,YEM
FCS,Fragile and conflict affected situations,ZWE
HIC,High income,ABW
HIC,High income,AND
HIC,High income,ARE
HIC,High income,ATG
HIC,High income,AUS
HIC,High income,AUT
HIC,High income,BEL
HIC,High income,BHR
HIC,High income,BHS
HIC,High income,BMU
HIC,High income,BRB
HIC,High income,BRN
HIC,High income,CAN
HIC,High income,CHE
HIC,High income,CHI
HIC,High income,CHL
HIC,High income,CUW
HIC,High income,CYM
HIC,High income,CYP
HIC,High income,CZE
HIC,High income,DEU
HIC,High income,DNK
HIC,High income,ESP
HIC,High income,EST
HIC,High income,FIN
HIC,High income,FRA
HIC,High income,FRO
HIC,High income,GBR
HIC,High income,GIB
HIC,High income,GRC
HIC,High income,GRL
HIC,High income,GUM
HIC,High income,HKG
HIC,High income,HRV
HIC,High income,HUN
HIC,High income,IMN
HIC,High income,IRL
HIC,High income,ISL
HIC,High income,ISR
HIC,High income,ITA
HIC,High income,JPN
HIC,High income,KNA
HIC,High income,KOR
HIC,High income,KWT
HIC,High income,LIE
HIC,High income,LTU
HIC,High income,LUX
HIC,High income,LVA
HIC,High income,MAC
HIC,High income,MAF
HIC,High income,MCO
HIC,High income,MLT
HIC,High income,MNP
HIC,High income,MUS
HIC,High income,NCL
HIC,High income,NLD
HIC,High income,NOR
HIC,High income,NRU
HIC,High income,NZL
HIC,High income,OMN
HIC,High income,PAN
HIC,High income,PLW
HIC,High income,POL
HIC,High income,PRI
HIC,High income,PRT
HIC,High income,PYF
HIC,High income,QAT
HIC,High income,ROU
HIC,High income,SAU
HIC,High income,SGP
HIC,High income,SMR
HIC,High income,SVK
HIC,High income,SVN
HIC,High income,SWE
HIC,High income,SXM
HIC,High income,SYC
HIC,High income,TCA
HIC,High income,TTO
HIC,High income,TWN
HIC,High income,URY
HIC,High income,USA
HIC,High income,VGB
HIC,High income,VIR
HPC,Heavily indebted poor countries (HIPC),AFG
HPC,Heavily indebted poor countries (HIPC),BDI
HPC,Heavily indebted poor countries (HIPC),BEN
HPC,Heavily indebted poor countries (HIPC),BFA
HPC,Heavily indebted poor countries (HIPC),BOL
HPC,Heavily indebted poor countries (HIPC),CAF
HPC,Heavily indebted poor countries (HIPC),CIV
HPC,Heavily indebted poor countries (HIPC),CMR
HPC,Heavily indebted poor countries (HIPC),COD
HPC,Heavily indebted poor countries (HIPC),COG
HPC,Heavily indebted poor countries (HIPC),COM
HPC,Heavily indebted poor countries (HIPC),ERI
HPC,Heavily indebted poor countries (HIPC),ETH
HPC,Heavily indebted poor countries (HIPC),GHA
HPC,Heavily indebted poor countries (HIPC),GIN
HPC,Heavily indebted poor countries (HIPC),GMB
HPC,Heavily indebted poor countries (HIPC),GNB
HPC,Heavily indebted poor countries (HIPC),GUY
HPC,Heavily indebted poor countries (HIPC),HND
HPC,Heavily indebted poor countries (HIPC),HTI
HPC,Heavily indebted poor countries (HIPC),LBR
HPC,Heavily indebted poor countries (HIPC),MDG
HPC,Heavily indebted poor countries (HIPC),MLI
HPC,Heavily indebted poor countries (HIPC),MOZ
HPC,Heavily indebted poor countries (HIPC),MRT
HPC,Heavily indebted poor countries (HIPC),MWI
HPC,Heavily indebted poor countries (HIPC),NER
HPC,Heavily indebted poor countries (HIPC),NIC
HPC,Heavily indebted poor countries (HIPC),RWA
HPC,Heavily indebted poor countries (HIPC),SDN
HPC,Heavily indebted poor countries (HIPC),SEN
HPC,Heavily indebted poor countries (HIPC),SLE
HPC,Heavily indebted poor countries (HIPC),SOM
HPC,Heavily indebted poor countries (HIPC),STP
HPC,Heavily indebted poor countries (HIPC),TCD
HPC,Heavily indebted poor countries (HIPC),TGO
HPC,Heavily indebted poor countries (HIPC),TZA
HPC,Heavily indebted poor countries (HIPC),UGA
HPC,Heavily indebted poor countries (HIPC),ZMB
IBD,IBRD only,AGO
IBD,IBRD only,ALB
IBD,IBRD only,ARG
IBD,IBRD only,ARM
IBD,IBRD only,ATG
IBD,IBRD only,AZE
IBD,IBRD only,BGR
IBD,IBRD only,BIH
IBD,IBRD only,BLR
IBD,IBRD only,BLZ
IBD,IBRD only,BOL
IBD,IBRD only,BRA
IBD,IBRD only,BWA
IBD,IBRD only,CHL
IBD,IBRD only,CHN
IBD,IBRD only,COL
IBD,IBRD only,CRI
IBD,IBRD only,DOM
IBD,IBRD only,DZA
IBD,IBRD only,ECU
IBD,IBRD only,EGY
IBD,IBRD only,GAB
IBD,IBRD only,GEO
IBD,IBRD only,GNQ
IBD,IBRD only,GTM
IBD,IBRD only,HRV
IBD,IBRD only,IDN
IBD,IBRD only,IND
IBD,IBRD only,IRN
IBD,IBRD only,IRQ
IBD,IBRD only,JAM
IBD,IBRD only,JOR
IBD,IBRD only,KAZ
IBD,IBRD only,KNA
IBD,IBRD only,LBN
IBD,IBRD only,LBY
IBD,IBRD only,LKA
IBD,IBRD only,MAR
IBD,IBRD only,MDA
IBD,IBRD only,MEX
IBD,IBRD only,MKD
IBD,IBRD only,MNE
IBD,IBRD only,MNG
IBD,IBRD only,MUS
IBD,IBRD only,MYS
IBD,IBRD only,NAM
IBD,IBRD only,NRU
IBD,IBRD only,PAN
IBD,IBRD only,PER
IBD,IBRD only,PHL
IBD,IBRD only,PLW
IBD,IBRD only,POL
IBD,IBRD only,PRY
IBD,IBRD only,ROU
IBD,IBRD only,RUS
IBD,IBRD only,SLV
IBD,IBRD only,SRB
IBD,IBRD only,SUR
IBD,IBRD only,SWZ
IBD,IBRD only,SYC
IBD,IBRD only,THA
IBD,IBRD only,TKM
IBD,IBRD only,TTO
IBD,IBRD only,TUN
IBD,IBRD only,TUR
IBD,IBRD only,UKR
IBD,IBRD only,URY
IBD,IBRD only,VEN
IBD,IBRD only,VNM
IBD,IBRD only,ZAF
IBT,IDA & IBRD total,AFG
IBT,IDA & IBRD total,AGO
IBT,IDA & IBRD total,ALB
IBT,IDA & IBRD total,ARG
IBT,IDA & IBRD total,ARM
IBT,IDA & IBRD total,ATG
IBT,IDA & IBRD total,AZE
IBT,IDA & IBRD total,BDI
IBT,IDA & IBRD total,BEN
IBT,IDA & IBRD total,BFA
IBT,IDA & IBRD total,BGD
IBT,IDA & IBRD total,BGR
IBT,IDA & IBRD total,BIH
IBT,IDA & IBRD total,BLR
IBT,IDA & IBRD total,BLZ
IBT,IDA & IBRD total,BOL
IBT,IDA & IBRD total,BRA
IBT,IDA & IBRD total,BTN
IBT,IDA & IBRD total,BWA
IBT,IDA & IBRD total,CAF
IBT,IDA & IBRD total,CHL
IBT,IDA & IBRD total,CHN
IBT,IDA & IBRD total,CIV
IBT,IDA & IBRD total,CMR
IBT,IDA & IBRD total,COD
IBT,IDA & IBRD total,COG
IBT,IDA & IBRD total,COL
IBT,IDA & IBRD total,COM
IBT,IDA & IBRD total,CPV
IBT,IDA & IBRD total,CRI
IBT,IDA & IBRD total,DJI
IBT,IDA & IBRD total,DMA
IBT,IDA & IBRD total,DOM
IBT,IDA & IBRD total,DZA
IBT,IDA & IBRD total,ECU
IBT,IDA & IBRD total,EGY
IBT,IDA & IBRD total,ERI
IBT,IDA & IBRD total,ETH
IBT,IDA & IBRD total,FJI
IBT,IDA & IBRD total,FSM
IBT,IDA & IBRD total,GAB
IBT,IDA & IBRD total,GEO
IBT,IDA & IBRD total,GHA
IBT,IDA & IBRD total,GIN
IBT,IDA & IBRD total,GMB
IBT,IDA & IBRD total,GNB
IBT,IDA & IBRD total,GNQ
IBT,IDA & IBRD total,GRD
IBT,IDA & IBRD total,GTM
IBT,IDA & IBRD total,GUY
IBT,IDA & IBRD total,HND
IBT,IDA & IBRD total,HRV
IBT,IDA & IBRD total,HTI
IBT,IDA & IBRD total,IDN
IBT,IDA & IBRD total,IND
IBT,IDA & IBRD total,IRN
IBT,IDA & IBRD total,IRQ
IBT,IDA & IBRD total,JAM
IBT,IDA & IBRD total,JOR
IBT,IDA & IBRD total,KAZ
IBT,IDA & IBRD total,KEN
IBT,IDA & IBRD total,KGZ
IBT,IDA & IBRD total,KHM
IBT,IDA & IBRD total,KIR
IBT,IDA & IBRD total,KNA
IBT,IDA & IBRD total,LAO
IBT,IDA & IBRD total,LBN
IBT,IDA & IBRD total,LBR
IBT,IDA & IBRD total,LBY
IBT,IDA & IBRD total,LCA
IBT,IDA & IBRD total,LKA
IBT,IDA & IBRD total,LSO
IBT,IDA & IBRD total,MAR
IBT,IDA & IBRD total,MDA
IBT,IDA & IBRD total,MDG
IBT,IDA & IBRD total,MDV
IBT,IDA & IBRD total,MEX
IBT,IDA & IBRD total,MHL
IBT,IDA & IBRD total,MKD
IBT,IDA & IBRD total,MLI
IBT,IDA & IBRD total,MMR
IBT,IDA & IBRD total,MNE
IBT,IDA & IBRD total,MNG
IBT,IDA & IBRD total,MOZ
IBT,IDA & IBRD total,MRT
IBT,IDA & IBRD total,MUS
IBT,IDA & IBRD total,MWI
IBT,IDA & IBRD total,MYS
IBT,IDA & IBRD total,NAM
IBT,IDA & IBRD total,NER
IBT,IDA & IBRD total,NGA
IBT,IDA & IBRD total,NIC
IBT,IDA & IBRD total,NPL
IBT,IDA & IBRD total,NRU
IBT,IDA & IBRD total,PAK
IBT,IDA & IBRD total,PAN
IBT,IDA & IBRD total,PER
IBT,IDA & IBRD total,PHL
IBT,IDA & IBRD total,PLW
IBT,IDA & IBRD total,PNG
IBT,IDA & IBRD total,POL
IBT,IDA & IBRD total,PRY
IBT,IDA & IBRD total,ROU
IBT,IDA & IBRD total,RUS
IBT,IDA & IBRD total,RWA
IBT,IDA & IBRD total,SDN
IBT,IDA & IBRD total,SEN
IBT,IDA & IBRD total,SLB
IBT,IDA & IBRD total,SLE
IBT,IDA & IBRD total,SLV
IBT,IDA & IBRD total,SOM
IBT,IDA & IBRD total,SRB
IBT,IDA & IBRD total,SSD
IBT,IDA & IBRD total,STP
IBT,IDA & IBRD total,SUR
IBT,IDA & IBRD total,SWZ
IBT,IDA & IBRD total,SYC
IBT,IDA & IBRD total,SYR
IBT,IDA & IBRD total,TCD
IBT,IDA & IBRD total,TGO
IBT,IDA & IBRD total,THA
IBT,IDA & IBRD total,TJK
IBT,IDA & IBRD total,TKM
IBT,IDA & IBRD total,TLS
IBT,IDA & IBRD total,TON
IBT,IDA & IBRD total,TTO
IBT,IDA & IBRD total,TUN
IBT,IDA & IBRD total,TUR
IBT,IDA & IBRD total,TUV
IBT,IDA & IBRD total,TZA
IBT,IDA & IBRD total,UGA
IBT,IDA & IBRD total,UKR
IBT,IDA & IBRD total,URY
IBT,IDA & IBRD total,UZB
IBT,IDA & IBRD total,VCT
IBT,IDA & IBRD total,VEN
IBT,IDA & IBRD total,VNM
IBT,IDA & IBRD total,VUT
IBT,IDA & IBRD total,WSM
IBT,IDA & IBRD total,XKX
IBT,IDA & IBRD total,YEM
IBT,IDA & IBRD total,ZAF
IBT,IDA & IBRD total,ZMB
IBT,IDA & IBRD total,ZWE
IDA,IDA total,AFG
IDA,IDA total,BDI
IDA,IDA total,BEN
IDA,IDA total,BFA
IDA,IDA total,BGD
IDA,IDA total,BTN
IDA,IDA total,CAF
IDA,IDA total,CIV
IDA,IDA total,CMR
IDA,IDA total,COD
IDA,IDA total,COG
IDA,IDA total,COM
IDA,IDA total,CPV
IDA,IDA total,DJI
IDA,IDA total,DMA
IDA,IDA total,ERI
IDA,IDA total,ETH
IDA,IDA total,FJI
IDA,IDA total,FSM
IDA,IDA total,GHA
IDA,IDA total,GIN
IDA,IDA total,GMB
IDA,IDA total,GNB
IDA,IDA total,GRD
IDA,IDA total,GUY
IDA,IDA total,HND
IDA,IDA total,HTI
IDA,IDA total,KEN
IDA,IDA total,KGZ
IDA,IDA total,KHM
IDA,IDA total,KIR
IDA,IDA total,LAO
IDA,IDA total,LBR
IDA,IDA total,LCA
IDA,IDA total,LSO
IDA,IDA total,MDG
IDA,IDA total,MDV
IDA,IDA total,MHL
IDA,IDA total,MLI
IDA,IDA total,MMR
IDA,IDA total,MOZ
IDA,IDA total,MRT
IDA,IDA total,MWI
IDA,IDA total,NER
IDA,IDA total,NGA
IDA,IDA total,NIC
IDA,IDA total,NPL
IDA,IDA total,PAK
IDA,IDA total,PNG
IDA,IDA total,RWA
IDA,IDA total,SDN
IDA,IDA total,SEN
IDA,IDA total,SLB
IDA,IDA total,SLE
IDA,IDA total,SOM
IDA,IDA total,SSD
IDA,IDA total,STP
IDA,IDA total,SYR
IDA,IDA total,TCD
IDA,IDA total,TGO
IDA,IDA total,TJK
IDA,IDA total,TLS
IDA,IDA total,TON
IDA,IDA total,TUV
IDA,IDA total,TZA
IDA,IDA total,UGA
IDA,IDA total,UZB
IDA,IDA total,VCT
IDA,IDA total,VUT
IDA,IDA total,WSM
IDA,IDA total,XKX
IDA,IDA total,YEM
IDA,IDA total,ZMB
IDA,IDA total,ZWE
IDB,IDA blend,CMR
IDB,IDA blend,COG
IDB,IDA blend,CPV
IDB,IDA blend,DMA
IDB,IDA blend,FJI
IDB,IDA blend,GRD
IDB,IDA blend,KEN
IDB,IDA blend,LCA
IDB,IDA blend,NGA
IDB,IDA blend,PAK
IDB,IDA blend,PNG
IDB,IDA blend,TLS
IDB,IDA blend,UZB
IDB,IDA blend,VCT
IDB,IDA blend,ZWE
IDX,IDA only,AFG
IDX,IDA only,BDI
IDX,IDA only,BEN
IDX,IDA only,BFA
IDX,IDA only,BGD
IDX,IDA only,BTN
IDX,IDA only,CAF
IDX,IDA only,CIV
IDX,IDA only,COD
IDX,IDA only,COM
IDX,IDA only,DJI
IDX,IDA only,ERI
IDX,IDA only,ETH
IDX,IDA only,FSM
IDX,IDA only,GHA
IDX,IDA only,GIN
IDX,IDA only,GMB
IDX,IDA only,GNB
IDX,IDA only,GUY
IDX,IDA only,HND
IDX,IDA only,HTI
IDX,IDA only,KGZ
IDX,IDA only,KHM
IDX,IDA only,KIR
IDX,IDA only,LAO
IDX,IDA only,LBR
IDX,IDA only,LSO
IDX,IDA only,MDG
IDX,IDA only,MDV
IDX,IDA only,MHL
IDX,IDA only,MLI
IDX,IDA only,MMR
IDX,IDA only,MOZ
IDX,IDA only,MRT
IDX,IDA only,MWI
IDX,IDA only,NER
IDX,IDA only,NIC
IDX,IDA only,NPL
IDX,IDA only,RWA
IDX,IDA only,SDN
IDX,IDA only,SEN
IDX,IDA only,SLB
IDX,IDA only,SLE
IDX,IDA only,SOM
IDX,IDA only,SSD
IDX,IDA only,STP
IDX,IDA only,SYR
IDX,IDA only,TCD
IDX,IDA only,TGO
IDX,IDA only,TJK
IDX,IDA only,TON
IDX,IDA only,TUV
IDX,IDA only,TZA
IDX,IDA only,UGA
IDX,IDA only,VUT
IDX,IDA only,WSM
IDX,IDA only,XKX
IDX,IDA only,YEM
IDX,IDA only,ZMB
LAC,Latin America & Caribbean (excluding high income),ARG
LAC,Latin America & Caribbean (excluding high income),BLZ
LAC,Latin America & Caribbean (excluding high income),BOL
LAC,Latin America & Caribbean (excluding high income),BRA
LAC,Latin America & Caribbean (excluding high income),COL
LAC,Latin America & Caribbean (excluding high income),CRI
LAC,Latin America & Caribbean (excluding high income),CUB
LAC,Latin America & Caribbean (excluding high income),DMA
LAC,Latin America & Caribbean (excluding high income),DOM
LAC,Latin America & Caribbean (excluding high income),ECU
LAC,Latin America & Caribbean (excluding high income),GRD
LAC,Latin America & Caribbean (excluding high income),GTM
LAC,Latin America & Caribbean (excluding high income),GUY
LAC,Latin America & Caribbean (excluding high income),HND
LAC,Latin America & Caribbean (excluding high income),HTI
LAC,Latin America & Caribbean (excluding high income),JAM
LAC,Latin America & Caribbean (excluding high income),LCA
LAC,Latin America & Caribbean (excluding high income),MEX
LAC,Latin America & Caribbean (excluding high income),NIC
LAC,Latin America & Caribbean (excluding high income),PER
LAC,Latin America & Caribbean (excluding high income),PRY
LAC,Latin America & Caribbean (excluding high income),SLV
LAC,Latin America & Caribbean (excluding high income),SUR
LAC,Latin America & Caribbean (excluding high income),VCT
LAC,Latin America & Caribbean (excluding high income),VEN
LCN,Latin America & Caribbean,ABW
LCN,Latin America & Caribbean,ARG
LCN,Latin America & Caribbean,ATG
LCN,Latin America & Caribbean,BHS
LCN,Latin America & Caribbean,BLZ
LCN,Latin America & Caribbean,BOL
LCN,Latin America & Caribbean,BRA
LCN,Latin America & Caribbean,BRB
LCN,Latin America & Caribbean,CHL
LCN,Latin America & Caribbean,COL
LCN,Latin America & Caribbean,CRI
LCN,Latin America & Caribbean,CUB
LCN,Latin America & Caribbean,CUW
LCN,Latin America & Caribbean,CYM
LCN,Latin America & Caribbean,DMA
LCN,Latin America & Caribbean,DOM
LCN,Latin America & Caribbean,ECU
LCN,Latin America & Caribbean,GRD
LCN,Latin America & Caribbean,GTM
LCN,Latin America & Caribbean,GUY
LCN,Latin America & Caribbean,HND
LCN,Latin America & Caribbean,HTI
LCN,Latin America & Caribbean,JAM
LCN,Latin America & Caribbean,KNA
LCN,Latin America & Caribbean,LCA
LCN,Latin America & Caribbean,MAF
LCN,Latin America & Caribbean,MEX
LCN,Latin America & Caribbean,NIC
LCN,Latin America & Caribbean,PAN
LCN,Latin America & Caribbean,PER
LCN,Latin America & Caribbean,PRI
LCN,Latin America & Caribbean,PRY
LCN,Latin America & Caribbean,SLV
LCN,Latin America & Caribbean,SUR
LCN,Latin America & Caribbean,SXM
LCN,Latin America & Caribbean,TCA
LCN,Latin America & Caribbean,TTO
LCN,Latin America & Caribbean,URY
LCN,Latin America & Caribbean,VCT
LCN,Latin America & Caribbean,VEN
LCN,Latin America & Caribbean,VGB
LCN,Latin America & Caribbean,VIR
LDC,Least developed countries: UN classification,AFG
LDC,Least developed countries: UN classification,AGO
LDC,Least developed countries: UN classification,BDI
LDC,Least developed countries: UN classification,BEN
LDC,Least developed countries: UN classification,BFA
LDC,Least developed countries: UN classification,BGD
LDC,Least developed countries: UN classification,BTN
LDC,Least developed countries: UN classification,CAF
LDC,Least developed countries: UN classification,COD
LDC,Least developed countries: UN classification,COM
LDC,Least developed countries: UN classification,DJI
LDC,Least developed countries: UN classification,ERI
LDC,Least developed countries: UN classification,ETH
LDC,Least developed countries: UN classification,GIN
LDC,Least developed countries: UN classification,GMB
LDC,Least developed countries: UN classification,GNB
LDC,Least developed countries: UN classification,HTI
LDC,Least developed countries: UN classification,KHM
LDC,Least developed countries: UN classification,KIR
LDC,Least developed countries: UN classification,LAO
LDC,Least developed countries: UN classification,LBR
LDC,Least developed countries: UN classification,LSO
LDC,Least developed countries: UN classification,MDG
LDC,Least developed countries: UN classification,MLI
LDC,Least developed countries: UN classification,MMR
LDC,Least developed countries: UN classification,MOZ
LDC,Least developed countries: UN classification,MRT
LDC,Least developed countries: UN classification,MWI
LDC,Least developed countries: UN classification,NER
LDC,Least developed countries: UN classification,NPL
LDC,Least developed countries: UN classification,RWA
LDC,Least developed countries: UN classification,SDN
LDC,Least developed countries: UN classification,SEN
LDC,Least developed countries: UN classification,SLB
LDC,Least developed countries: UN classification,SLE
LDC,Least developed countries: UN classification,SOM
LDC,Least developed countries: UN classification,SSD
LDC,Least developed countries: UN classification,STP
LDC,Least developed countries: UN classification,TCD
LDC,Least developed countries: UN classification,TGO
LDC,Least developed countries: UN classification,TLS
LDC,Least developed countries: UN classification,TUV
LDC,Least developed countries: UN classification,TZA
LDC,Least developed countries: UN classification,UGA
LDC,Least developed countries: UN classification,VUT
LDC,Least developed countries: UN classification,YEM
LDC,Least developed countries: UN classification,ZMB
LIC,Low income,AFG
LIC,Low income,BDI
LIC,Low income,BFA
LIC,Low income,CAF
LIC,Low income,COD
LIC,Low income,ERI
LIC,Low income,ETH
LIC,Low income,GIN
LIC,Low income,GMB
LIC,Low income,GNB
LIC,Low income,HTI
LIC,Low income,LBR
LIC,Low income,MDG
LIC,Low income,MLI
LIC,Low income,MOZ
LIC,Low income,MWI
LIC,Low income,NER
LIC,Low income,PRK
LIC,Low income,RWA
LIC,Low income,SDN
LIC,Low income,SLE
LIC,Low income,SOM
LIC,Low income,SSD
LIC,Low income,SYR
LIC,Low income,TCD
LIC,Low income,TGO
LIC,Low income,TJK
LIC,Low income,UGA
LIC,Low income,YEM
LMC,Lower middle income,AGO
LMC,Lower middle income,BEN
LMC,Lower middle income,BGD
LMC,Lower middle income,BOL
LMC,Lower middle income,BTN
LMC,Lower middle income,CIV
LMC,Lower middle income,CMR
LMC,Lower middle income,COG
LMC,Lower middle income,COM
LMC,Lower middle income,CPV
LMC,Lower middle income,DJI
LMC,Lower middle income,DZA
LMC,Lower middle income,EGY
LMC,Lower middle income,FSM
LMC,Lower middle income,GHA
LMC,Lower middle income,HND
LMC,Lower middle income,IND
LMC,Lower middle income,KEN
LMC,Lower middle income,KGZ
LMC,Lower middle income,KHM
LMC,Lower middle income,KIR
LMC,Lower middle income,LAO
LMC,Lower middle income,LKA
LMC,Lower middle income,LSO
LMC,Lower middle income,MAR
LMC,Lower middle income,MDA
LMC,Lower middle income,MMR
LMC,Lower middle income,MNG
LMC,Lower middle income,MRT
LMC,Lower middle income,NGA
LMC,Lower middle income,NIC
LMC,Lower middle income,NPL
LMC,Lower middle income,PAK
LMC,Lower middle income,PHL
LMC,Lower middle income,PNG
LMC,Lower middle income,PSE
LMC,Lower middle income,SEN
LMC,Lower middle income,SLB
LMC,Lower middle income,SLV
LMC,Lower middle income,STP
LMC,Lower middle income,SWZ
LMC,Lower middle income,TLS
LMC,Lower middle income,TUN
LMC,Lower middle income,TZA
LMC,Lower middle income,UKR
LMC,Lower middle income,UZB
LMC,Lower middle income,VNM
LMC,Lower middle income,VUT
LMC,Lower middle income,ZMB
LMC,Lower middle income,ZWE
LMY,Low & middle income,AFG
LMY,Low & middle income,AGO
LMY,Low & middle income,ALB
LMY,Low & middle income,ARG
LMY,Low & middle income,ARM
LMY,Low & middle income,ASM
LMY,Low & middle income,AZE
LMY,Low & middle income,BDI
LMY,Low & middle income,BEN
LMY,Low & middle income,BFA
LMY,Low & middle income,BGD
LMY,Low & middle income,BGR
LMY,Low & middle income,BIH
LMY,Low & middle income,BLR
LMY,Low & middle income,BLZ
LMY,Low & middle income,BOL
LMY,Low & middle income,BRA
LMY,Low & middle income,BTN
LMY,Low & middle income,BWA
LMY,Low & middle income,CAF
LMY,Low & middle income,CHN
LMY,Low & middle income,CIV
LMY,Low & middle income,CMR
LMY,Low & middle income,COD
LMY,Low & middle income,COG
LMY,Low & middle income,COL
LMY,Low & middle income,COM
LMY,Low & middle income,CPV
LMY,Low & middle income,CRI
LMY,Low & middle income,CUB
LMY,Low & middle income,DJI
LMY,Low & middle income,DMA
LMY,Low & middle income,DOM
LMY,Low & middle income,DZA
LMY,Low & middle income,ECU
LMY,Low & middle income,EGY
LMY,Low & middle income,ERI
LMY,Low & middle income,ETH
LMY,Low & middle income,FJI
LMY,Low & middle income,FSM
LMY,Low & middle income,GAB
LMY,Low & middle income,GEO
LMY,Low & middle income,GHA
LMY,Low & middle income,GIN
LMY,Low & middle income,GMB
LMY,Low & middle income,GNB
LMY,Low & middle income,GNQ
LMY,Low & middle income,GRD
LMY,Low & middle income,GTM
LMY,Low & middle income,GUY
LMY,Low & middle income,HND
LMY,Low & middle income,HTI
LMY,Low & middle income,IDN
LMY,Low & middle income,IND
LMY,Low & middle income,IRN
LMY,Low & middle income,IRQ
LMY,Low & middle income,JAM
LMY,Low & middle income,JOR
LMY,Low & middle income,KAZ
LMY,Low & middle income,KEN
LMY,Low & middle income,KGZ
LMY,Low & middle income,KHM
LMY,Low & middle income,KIR
LMY,Low & middle income,LAO
LMY,Low & middle income,LBN
LMY,Low & middle income,LBR
LMY,Low & middle income,LBY
LMY,Low & middle income,LCA
LMY,Low & middle income,LKA
LMY,Low & middle income,LSO
LMY,Low & middle income,MAR
LMY,Low & middle income,MDA
LMY,Low & middle income,MDG
LMY,Low & middle income,MDV
LMY,Low & middle income,MEX
LMY,Low & middle income,MHL
LMY,Low & middle income,MKD
LMY,Low & middle income,MLI
LMY,Low & middle income,MMR
LMY,Low & middle income,MNE
LMY,Low & middle income,MNG
LMY,Low & middle income,MOZ
LMY,Low & middle income,MRT
LMY,Low & middle income,MWI
LMY,Low & middle income,MYS
LMY,Low & middle income,NAM
LMY,Low & middle income,NER
LMY,Low & middle income,NGA
LMY,Low & middle income,NIC
LMY,Low & middle income,NPL
LMY,Low & middle income,PAK
LMY,Low & middle income,PER
LMY,Low & middle income,PHL
LMY,Low & middle income,PNG
LMY,Low & middle income,PRK
LMY,Low & middle income,PRY
LMY,Low & middle income,PSE
LMY,Low & middle income,RUS
LMY,Low & middle income,RWA
LMY,Low & middle income,SDN
LMY,Low & middle income,SEN
LMY,Low & middle income,SLB
LMY,Low & middle income,SLE
LMY,Low & middle income,SLV
LMY,Low & middle income,SOM
LMY,Low & middle income,SRB
LMY,Low & middle income,SSD
LMY,Low & middle income,STP
LMY,Low & middle income,SUR
LMY,Low & middle income,SWZ
LMY,Low & middle income,SYR
LMY,Low & middle income,TCD
LMY,Low & middle income,TGO
LMY,Low & middle income,THA
LMY,Low & middle income,TJK
LMY,Low & middle income,TKM
LMY,Low & middle income,TLS
LMY,Low & middle income,TON
LMY,Low & middle income,TUN
LMY,Low & middle income,TUR
LMY,Low & middle income,TUV
LMY,Low & middle income,TZA
LMY,Low & middle income,UGA
LMY,Low & middle income,UKR
LMY,Low & middle income,UZB
LMY,Low & middle income,VCT
LMY,Low & middle income,VEN
LMY,Low & middle income,VNM
LMY,Low & middle income,VUT
LMY,Low & middle income,WSM
LMY,Low & middle income,XKX
LMY,Low & middle income,YEM
LMY,Low & middle income,ZAF
LMY,Low & middle income,ZMB
LMY,Low & middle income,ZWE
LTE,Late-demographic dividend,ABW
LTE,Late-demographic dividend,ALB
LTE,Late-demographic dividend,ARE
LTE,Late-demographic dividend,ARM
LTE,Late-demographic dividend,AZE
LTE,Late-demographic dividend,BHS
LTE,Late-demographic dividend,BRA
LTE,Late-demographic dividend,BRN
LTE,Late-demographic dividend,CHL
LTE,Late-demographic dividend,CHN
LTE,Late-demographic dividend,COL
LTE,Late-demographic dividend,CRI
LTE,Late-demographic dividend,CYP
LTE,Late-demographic dividend,EST
LTE,Late-demographic dividend,FJI
LTE,Late-demographic dividend,GEO
LTE,Late-demographic dividend,GUM
LTE,Late-demographic dividend,GUY
LTE,Late-demographic dividend,IRL
LTE,Late-demographic dividend,ISL
LTE,Late-demographic dividend,JAM
LTE,Late-demographic dividend,KAZ
LTE,Late-demographic dividend,KGZ
LTE,Late-demographic dividend,KWT
LTE,Late-demographic dividend,LBN
LTE,Late-demographic dividend,LCA
LTE,Late-demographic dividend,LKA
LTE,Late-demographic dividend,LVA
LTE,Late-demographic dividend,MAR
LTE,Late-demographic dividend,MDA
LTE,Late-demographic dividend,MKD
LTE,Late-demographic dividend,MNE
LTE,Late-demographic dividend,MNG
LTE,Late-demographic dividend,MUS
LTE,Late-demographic dividend,MYS
LTE,Late-demographic dividend,NCL
LTE,Late-demographic dividend,OMN
LTE,Late-demographic dividend,POL
LTE,Late-demographic dividend,PRI
LTE,Late-demographic dividend,PRK
LTE,Late-demographic dividend,PYF
LTE,Late-demographic dividend,QAT
LTE,Late-demographic dividend,ROU
LTE,Late-demographic dividend,RUS
LTE,Late-demographic dividend,SRB
LTE,Late-demographic dividend,SVK
LTE,Late-demographic dividend,SYC
LTE,Late-demographic dividend,THA
LTE,Late-demographic dividend,TTO
LTE,Late-demographic dividend,TUN
LTE,Late-demographic dividend,URY
LTE,Late-demographic dividend,VCT
LTE,Late-demographic dividend,VIR
LTE,Late-demographic dividend,VNM
MEA,Middle East & North Africa,ARE
MEA,Middle East & North Africa,BHR
MEA,Middle East & North Africa,DJI
MEA,Middle East & North Africa,DZA
MEA,Middle East & North Africa,EGY
MEA,Middle East & North Africa,IRN
MEA,Middle East & North Africa,IRQ
MEA,Middle East & North Africa,ISR
MEA,Middle East & North Africa,JOR
MEA,Middle East & North Africa,KWT
MEA,Middle East & North Africa,LBN
MEA,Middle East & North Africa,LBY
MEA,Middle East & North Africa,MAR
MEA,Middle East & North Africa,MLT
MEA,Middle East & North Africa,OMN
MEA,Middle East & North Africa,PSE
MEA,Middle East & North Africa,QAT
MEA,Middle East & North Africa,SAU
MEA,Middle East & North Africa,SYR
MEA,Middle East & North Africa,TUN
MEA,Middle East & North Africa,YEM
MIC,Middle income,AGO
MIC,Middle income,ALB
MIC,Middle income,ARG
MIC,Middle income,ARM
MIC,Middle income,ASM
MIC,Middle income,AZE
MIC,Middle income,BEN
MIC,Middle income,BGD
MIC,Middle income,BGR
MIC,Middle income,BIH
MIC,Middle income,BLR
MIC,Middle income,BLZ
MIC,Middle income,BOL
MIC,Middle income,BRA
MIC,Middle income,BTN
MIC,Middle income,BWA
MIC,Middle income,CHN
MIC,Middle income,CIV
MIC,Middle income,CMR
MIC,Middle income,COG
MIC,Middle income,COL
MIC,Middle income,COM
MIC,Middle income,CPV
MIC,Middle income,CRI
MIC,Middle income,CUB
MIC,Middle income,DJI
MIC,Middle income,DMA
MIC,Middle income,DOM
MIC,Middle income,DZA
MIC,Middle income,ECU
MIC,Middle income,EGY
MIC,Middle income,FJI
MIC,Middle income,FSM
MIC,Middle income,GAB
MIC,Middle income,GEO
MIC,Middle income,GHA
MIC,Middle income,GNQ
MIC,Middle income,GRD
MIC,Middle income,GTM
MIC,Middle income,GUY
MIC,Middle income,HND
MIC,Middle income,IDN
MIC,Middle income,IND
MIC,Middle income,IRN
MIC,Middle income,IRQ
MIC,Middle income,JAM
MIC,Middle income,JOR
MIC,Middle income,KAZ
MIC,Middle income,KEN
MIC,Middle income,KGZ
MIC,Middle income,KHM
MIC,Middle income,KIR
MIC,Middle income,LAO
MIC,Middle income,LBN
MIC,Middle income,LBY
MIC,Middle income,LCA
MIC,Middle income,LKA
MIC,Middle income,LSO
MIC,Middle income,MAR
MIC,Middle income,MDA
MIC,Middle income,MDV
MIC,Middle income,MEX
MIC,Middle income,MHL
MIC,Middle income,MKD
MIC,Middle income,MMR
MIC,Middle income,MNE
MIC,Middle income,MNG
MIC,Middle income,MRT
MIC,Middle income,MYS
MIC,Middle income,NAM
MIC,Middle income,NGA
MIC,Middle income,NIC
MIC,Middle income,NPL
MIC,Middle income,PAK
MIC,Middle income,PER
MIC,Middle income,PHL
MIC,Middle income,PNG
MIC,Middle income,PRY
MIC,Middle income,PSE
MIC,Middle income,RUS
MIC,Middle income,SEN
MIC,Middle income,SLB
MIC,Middle income,SLV
MIC,Middle income,SRB
MIC,Middle income,STP
MIC,Middle income,SUR
MIC,Middle income,SWZ
MIC,Middle income,THA
MIC,Middle income,TKM
MIC,Middle income,TLS
MIC,Middle income,TON
MIC,Middle income,TUN
MIC,Middle income,TUR
MIC,Middle income,TUV
MIC,Middle income,TZA
MIC,Middle income,UKR
MIC,Middle income,UZB
MIC,Middle income,VCT
MIC,Middle income,VEN
MIC,Middle income,VNM
MIC,Middle income,VUT
MIC,Middle income,WSM
MIC,Middle income,XKX
MIC,Middle income,ZAF
MIC,Middle income,ZMB
MIC,Middle income,ZWE
MNA,Middle East & North Africa (excluding high income),DJI
MNA,Middle East & North Africa (excluding high income),DZA
MNA,Middle East & North Africa (excluding high income),EGY
MNA,Middle East & North Africa (excluding high income),IRN
MNA,Middle East & North Africa (excluding high income),IRQ
MNA,Middle East & North Africa (excluding high income),JOR
MNA,Middle East & North Africa (excluding high income),LBN
MNA,Middle East & North Africa (excluding high income),LBY
MNA,Middle East & North Africa (excluding high income),MAR
MNA,Middle East & North Africa (excluding high income),PSE
MNA,Middle East & North Africa (excluding high income),SYR
MNA,Middle East & North Africa (excluding high income),TUN
MNA,Middle East & North Africa (excluding high income),YEM
NAC,North America,BMU
NAC,North America,CAN
NAC,North America,USA
OED,OECD members,AUS
OED,OECD members,AUT
OED,OECD members,BEL
OED,OECD members,CAN
OED,OECD members,CHE
OED,OECD members,CHL
OED,OECD members,COL
OED,OECD members,CZE
OED,OECD members,DEU
OED,OECD members,DNK
OED,OECD members,ESP
OED,OECD members,EST
OED,OECD members,FIN
OED,OECD members,FRA
OED,OECD members,GBR
OED,OECD members,GRC
OED,OECD members,HUN
OED,OECD members,IRL
OED,OECD members,ISL
OED,OECD members,ISR
OED,OECD members,ITA
OED,OECD members,JPN
OED,OECD members,KOR
OED,OECD members,LTU
OED,OECD members,LUX
OED,OECD members,LVA
OED,OECD members,MEX
OED,OECD members,NLD
OED,OECD members,NOR
OED,OECD members,NZL
OED,OECD members,POL
OED,OECD members,PRT
OED,OECD members,SVK
OED,OECD members,SVN
OED,OECD members,SWE
OED,OECD members,TUR
OED,OECD members,USA
OSS,Other small states,BHR
OSS,Other small states,BRN
OSS,Other small states,BTN
OSS,Other small states,BWA
OSS,Other small states,COM
OSS,Other small states,CPV
OSS,Other small states,CYP
OSS,Other small states,DJI
OSS,Other small states,EST
OSS,Other small states,GAB
OSS,Other small states,GMB
OSS,Other small states,GNB
OSS,Other small states,GNQ
OSS,Other small states,ISL
OSS,Other small states,LSO
OSS,Other small states,MDV
OSS,Other small states,MLT
OSS,Other small states,MNE
OSS,Other small states,MUS
OSS,Other small states,NAM
OSS,Other small states,QAT
OSS,Other small states,SMR
OSS,Other small states,STP
OSS,Other small states,SWZ
OSS,Other small states,SYC
OSS,Other small states,TLS
PRE,Pre-demographic dividend,AFG
PRE,Pre-demographic dividend,AGO
PRE,Pre-demographic dividend,BDI
PRE,Pre-demographic dividend,BEN
PRE,Pre-demographic dividend,BFA
PRE,Pre-demographic dividend,CAF
PRE,Pre-demographic dividend,CIV
PRE,Pre-demographic dividend,CMR
PRE,Pre-demographic dividend,COD
PRE,Pre-demographic dividend,COG
PRE,Pre-demographic dividend,COM
PRE,Pre-demographic dividend,ERI
PRE,Pre-demographic dividend,GIN
PRE,Pre-demographic dividend,GMB
PRE,Pre-demographic dividend,GNB
PRE,Pre-demographic dividend,GNQ
PRE,Pre-demographic dividend,IRQ
PRE,Pre-demographic dividend,KEN
PRE,Pre-demographic dividend,LBR
PRE,Pre-demographic dividend,MDG
PRE,Pre-demographic dividend,MLI
PRE,Pre-demographic dividend,MOZ
PRE,Pre-demographic dividend,MRT
PRE,Pre-demographic dividend,MWI
PRE,Pre-demographic dividend,NER
PRE,Pre-demographic dividend,NGA
PRE,Pre-demographic dividend,SDN
PRE,Pre-demographic dividend,SEN
PRE,Pre-demographic dividend,SLE
PRE,Pre-demographic dividend,SOM
PRE,Pre-demographic dividend,SSD
PRE,Pre-demographic dividend,TCD
PRE,Pre-demographic dividend,TGO
PRE,Pre-demographic dividend,TLS
PRE,Pre-demographic dividend,TZA
PRE,Pre-demographic dividend,UGA
PRE,Pre-demographic dividend,ZMB
PSS,Pacific island small states,FJI
PSS,Pacific island small states,FSM
PSS,Pacific island small states,KIR
PSS,Pacific island small states,MHL
PSS,Pacific island small states,NRU
PSS,Pacific island small states,PLW
PSS,Pacific island small states,SLB
PSS,Pacific island small states,TON
PSS,Pacific island small states,TUV
PSS,Pacific island small states,VUT
PSS,Pacific island small states,WSM
PST,Post-demographic dividend,ATG
PST,Post-demographic dividend,AUS
PST,Post-demographic dividend,AUT
PST,Post-demographic dividend,BEL
PST,Post-demographic dividend,BGR
PST,Post-demographic dividend,BIH
PST,Post-demographic dividend,BLR
PST,Post-demographic dividend,BRB
PST,Post-demographic dividend,CAN
PST,Post-demographic dividend,CHE
PST,Post-demographic dividend,CUB
PST,Post-demographic dividend,CZE
PST,Post-demographic dividend,DEU
PST,Post-demographic dividend,DNK
PST,Post-demographic dividend,ESP
PST,Post-demographic dividend,FIN
PST,Post-demographic dividend,FRA
PST,Post-demographic dividend,GBR
PST,Post-demographic dividend,GRC
PST,Post-demographic dividend,HKG
PST,Post-demographic dividend,HRV
PST,Post-demographic dividend,HUN
PST,Post-demographic dividend,ITA
PST,Post-demographic dividend,JPN
PST,Post-demographic dividend,KOR
PST,Post-demographic dividend,LTU
PST,Post-demographic dividend,LUX
PST,Post-demographic dividend,MAC
PST,Post-demographic dividend,MLT
PST,Post-demographic dividend,NLD
PST,Post-demographic dividend,NOR
PST,Post-demographic dividend,NZL
PST,Post-demographic dividend,PRT
PST,Post-demographic dividend,SGP
PST,Post-demographic dividend,SVN
PST,Post-demographic dividend,SWE
PST,Post-demographic dividend,UKR
PST,Post-demographic dividend,USA
SAS,South Asia,AFG
SAS,South Asia,BGD
SAS,South Asia,BTN
SAS,South Asia,IND
SAS,South Asia,LKA
SAS,South Asia,MDV
SAS,South Asia,NPL
SAS,South Asia,PAK
SSA,Sub-Saharan Africa (excluding high income),AGO
SSA,Sub-Saharan Africa (excluding high income),BDI
SSA,Sub-Saharan Africa (excluding high income),BEN
SSA,Sub-Saharan Africa (excluding high income),BFA
SSA,Sub-Saharan Africa (excluding high income),BWA
SSA,Sub-Saharan Africa (excluding high income),CAF
SSA,Sub-Saharan Africa (excluding high income),CIV
SSA,Sub-Saharan Africa (excluding high income),CMR
SSA,Sub-Saharan Africa (excluding high income),COD
SSA,Sub-Saharan Africa (excluding high income),COG
SSA,Sub-Saharan Africa (excluding high income),COM
SSA,Sub-Saharan Africa (excluding high income),CPV
SSA,Sub-Saharan Africa (excluding high income),ERI
SSA,Sub-Saharan Africa (excluding high income),ETH
SSA,Sub-Saharan Africa (excluding high income),GAB
SSA,Sub-Saharan Africa (excluding high income),GHA
SSA,Sub-Saharan Africa (excluding high income),GIN
SSA,Sub-Saharan Africa (excluding high income),GMB
SSA,Sub-Saharan Africa (excluding high income),GNB
SSA,Sub-Saharan Africa (excluding high income),GNQ
SSA,Sub-Saharan Africa (excluding high income),KEN
SSA,Sub-Saharan Africa (excluding high income),LBR
SSA,Sub-Saharan Africa (excluding high income),LSO
SSA,Sub-Saharan Africa (excluding high income),MDG
SSA,Sub-Saharan Africa (excluding high income),MLI
SSA,Sub-Saharan Africa (excluding high income),MOZ
SSA,Sub-Saharan Africa (excluding high income),MRT
SSA,Sub-Saharan Africa (excluding high income),MWI
SSA,Sub-Saharan Africa (excluding high income),NAM
SSA,Sub-Saharan Africa (excluding high income),NER
SSA,Sub-Saharan Africa (excluding high income),NGA
SSA,Sub-Saharan Africa (excluding high income),RWA
SSA,Sub-Saharan Africa (excluding high income),SDN
SSA,Sub-Saharan Africa (excluding high income),SEN
SSA,Sub-Saharan Africa (excluding high income),SLE
SSA,Sub-Saharan Africa (excluding high income),SOM
SSA,Sub-Saharan Africa (excluding high income),SSD
SSA,Sub-Saharan Africa (excluding high income),STP
SSA,Sub-Saharan Africa (excluding high income),SWZ
SSA,Sub-Saharan Africa (excluding high income),TCD
SSA,Sub-Saharan Africa (excluding high income),TGO
SSA,Sub-Saharan Africa (excluding high income),TZA
SSA,Sub-Saharan Africa (excluding high income),UGA
SSA,Sub-Saharan Africa (excluding high income),ZAF
SSA,Sub-Saharan Africa (excluding high income),ZMB
SSA,Sub-Saharan Africa (excluding high income),ZWE
SSF,Sub-Saharan Africa,AGO
SSF,Sub-Saharan Africa,BDI
SSF,Sub-Saharan Africa,BEN
SSF,Sub-Saharan Africa,BFA
SSF,Sub-Saharan Africa,BWA
SSF,Sub-Saharan Africa,CAF
SSF,Sub-Saharan Africa,CIV
SSF,Sub-Saharan Africa,CMR
SSF,Sub-Saharan Africa,COD
SSF,Sub-Saharan Africa,COG
SSF,Sub-Saharan Africa,COM
SSF,Sub-Saharan Africa,CPV
SSF,Sub-Saharan Africa,ERI
SSF,Sub-Saharan Africa,ETH
SSF,Sub-Saharan Africa,GAB
SSF,Sub-Saharan Africa,GHA
SSF,Sub-Saharan Africa,GIN
SSF,Sub-Saharan Africa,GMB
SSF,Sub-Saharan Africa,GNB
SSF,Sub-Saharan Africa,GNQ
SSF,Sub-Saharan Africa,KEN
SSF,Sub-Saharan Africa,LBR
SSF,Sub-Saharan Africa,LSO
SSF,Sub-Saharan Africa,MDG
SSF,Sub-Saharan Africa,MLI
SSF,Sub-Saharan Africa,MOZ
SSF,Sub-Saharan Africa,MRT
SSF,Sub-Saharan Africa,MUS
SSF,Sub-Saharan Africa,MWI
SSF,Sub-Saharan Africa,NAM
SSF,Sub-Saharan Africa,NER
SSF,Sub-Saharan Africa,NGA
SSF,Sub-Saharan Africa,RWA
SSF,Sub-Saharan Africa,SDN
SSF,Sub-Saharan Africa,SEN
SSF,Sub-Saharan Africa,SLE
SSF,Sub-Saharan Africa,SOM
SSF,Sub-Saharan Africa,SSD
SSF,Sub-Saharan Africa,STP
SSF,Sub-Saharan Africa,SWZ
SSF,Sub-Saharan Africa,SYC
SSF,Sub-Saharan Africa,TCD
SSF,Sub-Saharan Africa,TGO
SSF,Sub-Saharan Africa,TZA
SSF,Sub-Saharan Africa,UGA
SSF,Sub-Saharan Africa,ZAF
SSF,Sub-Saharan Africa,ZMB
SSF,Sub-Saharan Africa,ZWE
SST,Small states,ATG
SST,Small states,BHR
SST,Small states,BHS
SST,Small states,BLZ
SST,Small states,BRB
SST,Small states,BRN
SST,Small states,BTN
SST,Small states,BWA
SST,Small states,COM
SST,Small states,CPV
SST,Small states,CYP
SST,Small states,DJI
SST,Small states,DMA
SST,Small states,EST
SST,Small states,FJI
SST,Small states,FSM
SST,Small states,GAB
SST,Small states,GMB
SST,Small states,GNB
SST,Small states,GNQ
SST,Small states,GRD
SST,Small states,GUY
SST,Small states,ISL
SST,Small states,JAM
SST,Small states,KIR
SST,Small states,KNA
SST,Small states,LCA
SST,Small states,LSO
SST,Small states,MDV
SST,Small states,MHL
SST,Small states,MLT
SST,Small states,MNE
SST,Small states,MUS
SST,Small states,NAM
SST,Small states,NRU
SST,Small states,PLW
SST,Small states,QAT
SST,Small states,SLB
SST,Small states,SMR
SST,Small states,STP
SST,Small states,SUR
SST,Small states,SWZ
SST,Small states,SYC
SST,Small states,TLS
SST,Small states,TON
SST,Small states,TTO
SST,Small states,TUV
SST,Small states,VCT
SST,Small states,VUT
SST,Small states,WSM
TEA,East Asia & Pacific (IDA & IBRD),CHN
TEA,East Asia & Pacific (IDA & IBRD),FJI
TEA,East Asia & Pacific (IDA & IBRD),FSM
TEA,East Asia & Pacific (IDA & IBRD),IDN
TEA,East Asia & Pacific (IDA & IBRD),KHM
TEA,East Asia & Pacific (IDA & IBRD),KIR
TEA,East Asia & Pacific (IDA & IBRD),LAO
TEA,East Asia & Pacific (IDA & IBRD),MHL
TEA,East Asia & Pacific (IDA & IBRD),MMR
TEA,East Asia & Pacific (IDA & IBRD),MNG
TEA,East Asia & Pacific (IDA & IBRD),MYS
TEA,East Asia & Pacific (IDA & IBRD),NRU
TEA,East Asia & Pacific (IDA & IBRD),PHL
TEA,East Asia & Pacific (IDA & IBRD),PLW
TEA,East Asia & Pacific (IDA & IBRD),PNG
TEA,East Asia & Pacific (IDA & IBRD),SLB
TEA,East Asia & Pacific (IDA & IBRD),THA
TEA,East Asia & Pacific (IDA & IBRD),TLS
TEA,East Asia & Pacific (IDA & IBRD),TON
TEA,East Asia & Pacific (IDA & IBRD),TUV
TEA,East Asia & Pacific (IDA & IBRD),VNM
TEA,East Asia & Pacific (IDA & IBRD),VUT
TEA,East Asia & Pacific (IDA & IBRD),WSM
TEC,Europe & Central Asia (IDA & IBRD),ALB
TEC,Europe & Central Asia (IDA & IBRD),ARM
TEC,Europe & Central Asia (IDA & IBRD),AZE
TEC,Europe & Central Asia (IDA & IBRD),BGR
TEC,Europe & Central Asia (IDA & IBRD),BIH
TEC,Europe & Central Asia (IDA & IBRD),BLR
TEC,Europe & Central Asia (IDA & IBRD),GEO
TEC,Europe & Central Asia (IDA & IBRD),HRV
TEC,Europe & Central Asia (IDA & IBRD),KAZ
TEC,Europe & Central Asia (IDA & IBRD),KGZ
TEC,Europe & Central Asia (IDA & IBRD),MDA
TEC,Europe & Central Asia (IDA & IBRD),MKD
TEC,Europe & Central Asia (IDA & IBRD),MNE
TEC,Europe & Central Asia (IDA & IBRD),POL
TEC,Europe & Central Asia (IDA & IBRD),ROU
TEC,Europe & Central Asia (IDA & IBRD),RUS
TEC,Europe & Central Asia (IDA & IBRD),SRB
TEC,Europe & Central Asia (IDA & IBRD),TJK
TEC,Europe & Central Asia (IDA & IBRD),TKM
TEC,Europe & Central Asia (IDA & IBRD),TUR
TEC,Europe & Central Asia (IDA & IBRD),UKR
TEC,Europe & Central Asia (IDA & IBRD),UZB
TEC,Europe & Central Asia (IDA & IBRD),XKX
TLA,Latin America & Caribbean (IDA & IBRD),ARG
TLA,Latin America & Caribbean (IDA & IBRD),ATG
TLA,Latin America & Caribbean (IDA & IBRD),BLZ
TLA,Latin America & Caribbean (IDA & IBRD),BOL
TLA,Latin America & Caribbean (IDA & IBRD),BRA
TLA,Latin America & Caribbean (IDA & IBRD),CHL
TLA,Latin America & Caribbean (IDA & IBRD),COL
TLA,Latin America & Caribbean (IDA & IBRD),CRI
TLA,Latin America & Caribbean (IDA & IBRD),DMA
TLA,Latin America & Caribbean (IDA & IBRD),DOM
TLA,Latin America & Caribbean (IDA & IBRD),ECU
TLA,Latin America & Caribbean (IDA & IBRD),GRD
TLA,Latin America & Caribbean (IDA & IBRD),GTM
TLA,Latin America & Caribbean (IDA & IBRD),GUY
TLA,Latin America & Caribbean (IDA & IBRD),HND
TLA,Latin America & Caribbean (IDA & IBRD),HTI
TLA,Latin America & Caribbean (IDA & IBRD),JAM
TLA,Latin America & Caribbean (IDA & IBRD),KNA
TLA,Latin America & Caribbean (IDA & IBRD),LCA
TLA,Latin America & Caribbean (IDA & IBRD),MEX
TLA,Latin America & Caribbean (IDA & IBRD),NIC
TLA,Latin America & Caribbean (IDA & IBRD),PAN
TLA,Latin America & Caribbean (IDA & IBRD),PER
TLA,Latin America & Caribbean (IDA & IBRD),PRY
TLA,Latin America & Caribbean (IDA & IBRD),SLV
TLA,Latin America & Caribbean (IDA & IBRD),SUR
TLA,Latin America & Caribbean (IDA & IBRD),TTO
TLA,Latin America & Caribbean (IDA & IBRD),URY
TLA,Latin America & Caribbean (IDA & IBRD),VCT
TLA,Latin America & Caribbean (IDA & IBRD),VEN
TMN,Middle East & North Africa (IDA & IBRD),DJI
TMN,Middle East & North Africa (IDA & IBRD),DZA
TMN,Middle East & North Africa (IDA & IBRD),EGY
TMN,Middle East & North Africa (IDA & IBRD),IRN
TMN,Middle East & North Africa (IDA & IBRD),IRQ
TMN,Middle East & North Africa (IDA & IBRD),JOR
TMN,Middle East & North Africa (IDA & IBRD),LBN
TMN,Middle East & North Africa (IDA & IBRD),LBY
TMN,Middle East & North Africa (IDA & IBRD),MAR
TMN,Middle East & North Africa (IDA & IBRD),SYR
TMN,Middle East & North Africa (IDA & IBRD),TUN
TMN,Middle East & North Africa (IDA & IBRD),YEM
TSA,South Asia (IDA & IBRD),AFG
TSA,South Asia (IDA & IBRD),BGD
TSA,South Asia (IDA & IBRD),BTN
TSA,South Asia (IDA & IBRD),IND
TSA,South Asia (IDA & IBRD),LKA
TSA,South Asia (IDA & IBRD),MDV
TSA,South Asia (IDA & IBRD),NPL
TSA,South Asia (IDA & IBRD),PAK
TSS,Sub-Saharan Africa (IDA & IBRD),AGO
TSS,Sub-Saharan Africa (IDA & IBRD),BDI
TSS,Sub-Saharan Africa (IDA & IBRD),BEN
TSS,Sub-Saharan Africa (IDA & IBRD),BFA
TSS,Sub-Saharan Africa (IDA & IBRD),BWA
TSS,Sub-Saharan Africa (IDA & IBRD),CAF
TSS,Sub-Saharan Africa (IDA & IBRD),CIV
TSS,Sub-Saharan Africa (IDA & IBRD),CMR
TSS,Sub-Saharan Africa (IDA & IBRD),COD
TSS,Sub-Saharan Africa (IDA & IBRD),COG
TSS,Sub-Saharan Africa (IDA & IBRD),COM
TSS,Sub-Saharan Africa (IDA & IBRD),CPV
TSS,Sub-Saharan Africa (IDA & IBRD),ERI
TSS,Sub-Saharan Africa (IDA & IBRD),ETH
TSS,Sub-Saharan Africa (IDA & IBRD),GAB
TSS,Sub-Saharan Africa (IDA & IBRD),GHA
TSS,Sub-Saharan Africa (IDA & IBRD),GIN
TSS,Sub-Saharan Africa (IDA & IBRD),GMB
TSS,Sub-Saharan Africa (IDA & IBRD),GNB
TSS,Sub-Saharan Africa (IDA & IBRD),GNQ
TSS,Sub-Saharan Africa (IDA & IBRD),KEN
TSS,Sub-Saharan Africa (IDA & IBRD),LBR
TSS,Sub-Saharan Africa (IDA & IBRD),LSO
TSS,Sub-Saharan Africa (IDA & IBRD),MDG
TSS,Sub-Saharan Africa (IDA & IBRD),MLI
TSS,Sub-Saharan Africa (IDA & IBRD),MOZ
TSS,Sub-Saharan Africa (IDA & IBRD),MRT
TSS,Sub-Saharan Africa (IDA & IBRD),MUS
TSS,Sub-Saharan Africa (IDA & IBRD),MWI
TSS,Sub-Saharan Africa (IDA & IBRD),NAM
TSS,Sub-Saharan Africa (IDA & IBRD),NER
TSS,Sub-Saharan Africa (IDA & IBRD),NGA
TSS,Sub-Saharan Africa (IDA & IBRD),RWA
TSS,Sub-Saharan Africa (IDA & IBRD),SDN
TSS,Sub-Saharan Africa (IDA & IBRD),SEN
TSS,Sub-Saharan Africa (IDA & IBRD),SLE
TSS,Sub-Saharan Africa (IDA & IBRD),SOM
TSS,Sub-Saharan Africa (IDA & IBRD),SSD
TSS,Sub-Saharan Africa (IDA & IBRD),STP
TSS,Sub-Saharan Africa (IDA & IBRD),SWZ
TSS,Sub-Saharan Africa (IDA & IBRD),SYC
TSS,Sub-Saharan Africa (IDA & IBRD),TCD
TSS,Sub-Saharan Africa (IDA & IBRD),TGO
TSS,Sub-Saharan Africa (IDA & IBRD),TZA
TSS,Sub-Saharan Africa (IDA & IBRD),UGA
TSS,Sub-Saharan Africa (IDA & IBRD),ZAF
TSS,Sub-Saharan Africa (IDA & IBRD),ZMB
TSS,Sub-Saharan Africa (IDA & IBRD),ZWE
UMC,Upper middle income,ALB
UMC,Upper middle income,ARG
UMC,Upper middle income,ARM
UMC,Upper middle income,ASM
UMC,Upper middle income,AZE
UMC,Upper middle income,BGR
UMC,Upper middle income,BIH
UMC,Upper middle income,BLR
UMC,Upper middle income,BLZ
UMC,Upper middle income,BRA
UMC,Upper middle income,BWA
UMC,Upper middle income,CHN
UMC,Upper middle income,COL
UMC,Upper middle income,CRI
UMC,Upper middle income,CUB
UMC,Upper middle income,DMA
UMC,Upper middle income,DOM
UMC,Upper middle income,ECU
UMC,Upper middle income,FJI
UMC,Upper middle income,GAB
UMC,Upper middle income,GEO
UMC,Upper middle income,GNQ
UMC,Upper middle income,GRD
UMC,Upper middle income,GTM
UMC,Upper middle income,GUY
UMC,Upper middle income,IDN
UMC,Upper middle income,IRN
UMC,Upper middle income,IRQ
UMC,Upper middle income,JAM
UMC,Upper middle income,JOR
UMC,Upper middle income,KAZ
UMC,Upper middle income,LBN
UMC,Upper middle income,LBY
UMC,Upper middle income,LCA
UMC,Upper middle income,MDV
UMC,Upper middle income,MEX
UMC,Upper middle income,MHL
UMC,Upper middle income,MKD
UMC,Upper middle income,MNE
UMC,Upper middle income,MYS
UMC,Upper middle income,NAM
UMC,Upper middle income,PER
UMC,Upper middle income,PRY
UMC,Upper middle income,RUS
UMC,Upper middle income,SRB
UMC,Upper middle income,SUR
UMC,Upper middle income,THA
UMC,Upper middle income,TKM
UMC,Upper middle income,TON
UMC,Upper middle income,TUR
UMC,Upper middle income,TUV
UMC,Upper middle income,VCT
UMC,Upper middle income,VEN
UMC,Upper middle income,WSM
UMC,Upper middle income,XKX
UMC,Upper middle income,ZAF
WLD,World,ABW
WLD,World,AFG
WLD,World,AGO
WLD,World,ALB
WLD,World,AND
WLD,World,ARE
WLD,World,ARG
WLD,World,ARM
WLD,World,ASM
WLD,World,ATG
WLD,World,AUS
WLD,World,AUT
WLD,World,AZE
WLD,World,BDI
WLD,World,BEL
WLD,World,BEN
WLD,World,BFA
WLD,World,BGD
WLD,World,BGR
WLD,World,BHR
WLD,World,BHS
WLD,World,BIH
WLD,World,BLR
WLD,World,BLZ
WLD,World,BMU
WLD,World,BOL
WLD,World,BRA
WLD,World,BRB
WLD,World,BRN
WLD,World,BTN
WLD,World,BWA
WLD,World,CAF
WLD,World,CAN
WLD,World,CHE
WLD,World,CHI
WLD,World,CHL
WLD,World,CHN
WLD,World,CIV
WLD,World,CMR
WLD,World,COD
WLD,World,COG
WLD,World,COL
WLD,World,COM
WLD,World,CPV
WLD,World,CRI
WLD,World,CUB
WLD,World,CUW
WLD,World,CYM
WLD,World,CYP
WLD,World,CZE
WLD,World,DEU
WLD,World,DJI
WLD,World,DMA
WLD,World,DNK
WLD,World,DOM
WLD,World,DZA
WLD,World,ECU
WLD,World,EGY
WLD,World,ERI
WLD,World,ESP
WLD,World,EST
WLD,World,ETH
WLD,World,FIN
WLD,World,FJI
WLD,World,FRA
WLD,World,FRO
WLD,World,FSM
WLD,World,GAB
WLD,World,GBR
WLD,World,GEO
WLD,World,GHA
WLD,World,GIB
WLD,World,GIN
WLD,World,GMB
WLD,World,GNB
WLD,World,GNQ
WLD,World,GRC
WLD,World,GRD
WLD,World,GRL
WLD,World,GTM
WLD,World,GUM
WLD,World,GUY
WLD,World,HKG
WLD,World,HND
WLD,World,HRV
WLD,World,HTI
WLD,World,HUN
WLD,World,IDN
WLD,World,IMN
WLD,World,IND
WLD,World,IRL
WLD,World,IRN
WLD,World,IRQ
WLD,World,ISL
WLD,World,ISR
WLD,World,ITA
WLD,World,JAM
WLD,World,JOR
WLD,World,JPN
WLD,World,KAZ
WLD,World,KEN
WLD,World,KGZ
WLD,World,KHM
WLD,World,KIR
WLD,World,KNA
WLD,World,KOR
WLD,World,KWT
WLD,World,LAO
WLD,World,LBN
WLD,World,LBR
WLD,World,LBY
WLD,World,LCA
WLD,World,LIE
WLD,World,LKA
WLD,World,LSO
WLD,World,LTU
WLD,World,LUX
WLD,World,LVA
WLD,World,MAC
WLD,World,MAF
WLD,World,MAR
WLD,World,MCO
WLD,World,MDA
WLD,World,MDG
WLD,World,MDV
WLD,World,MEX
WLD,World,MHL
WLD,World,MKD
WLD,World,MLI
WLD,World,MLT
WLD,World,MMR
WLD,World,MNE
WLD,World,MNG
WLD,World,MNP
WLD,World,MOZ
WLD,World,MRT
WLD,World,MUS
WLD,World,MWI
WLD,World,MYS
WLD,World,NAM
WLD,World,NCL
WLD,World,NER
WLD,World,NGA
WLD,World,NIC
WLD,World,NLD
WLD,World,NOR
WLD,World,NPL
WLD,World,NRU
WLD,World,NZL
WLD,World,OMN
WLD,World,PAK
WLD,World,PAN
WLD,World,PER
WLD,World,PHL
WLD,World,PLW
WLD,World,PNG
WLD,World,POL
WLD,World,PRI
WLD,World,PRK
WLD,World,PRT
WLD,World,PRY
WLD,World,PSE
WLD,World,PYF
WLD,World,QAT
WLD,World,ROU
WLD,World,RUS
WLD,World,RWA
WLD,World,SAU
WLD,World,SDN
WLD,World,SEN
WLD,World,SGP
WLD,World,SLB
WLD,World,SLE
WLD,World,SLV
WLD,World,SMR
WLD,World,SOM
WLD,World,SRB
WLD,World,SSD
WLD,World,STP
WLD,World,SUR
WLD,World,SVK
WLD,World,SVN
WLD,World,SWE
WLD,World,SWZ
WLD,World,SXM
WLD,World,SYC
WLD,World,SYR
WLD,World,TCA
WLD,World,TCD
WLD,World,TGO
WLD,World,THA
WLD,World,TJK
WLD,World,TKM
WLD,World,TLS
WLD,World,TON
WLD,World,TTO
WLD,World,TUN
WLD,World,TUR
WLD,World,TUV
WLD,World,TWN
WLD,World,TZA
WLD,World,UGA
WLD,World,UKR
WLD,World,URY
WLD,World,USA
WLD,World,UZB
WLD,World,VCT
WLD,World,VEN
WLD,World,VGB
WLD,World,VIR
WLD,World,VNM
WLD,World,VUT
WLD,World,WSM
WLD,World,XKX
WLD,World,YEM
WLD,World,ZAF
WLD,World,ZMB
WLD,World,ZWE
